{
    "id": "local",
    "occ": {
        "server": {
            "port": 443,
            "hostname": "https://p8014348c1dev-admin.occa.ocs.oraclecloud.com",
            "adminUrl": "p8014348c1dev-admin.occa.ocs.oraclecloud.com",
            "storeUrl": "p8014348c1dev-store.occa.ocs.oraclecloud.com",
            "apiKey": "eyJ0eXAiOiJKV1QiLCJhbGciOiJIUzI1NiJ9.eyJzdWIiOiI0ZGRlNGQxMy1jMTMwLTQ4MGYtYjM1NC0yNTgxYjMwMjliMjMiLCJpc3MiOiJhcHBsaWNhdGlvbkF1dGgiLCJleHAiOjE2NDc3MjAyNjIsImlhdCI6MTYxNjE4NDI2Mn0=.1V3ngqqnQguOQYShPiZO1b1ojGht11pks/W2PeEJS7k=",
            "proxyAgent": null
        }
    },
    "ebs": {
        "integration": {
            "url" : "https://ebspws.mutualmaterials.com/prod/ops_prod",
            "username": "INTEGRATION",
            "password": "Mutu@l_q321",
            "paths": {
                "bsas": "/OCC/CustomerBSA",
                "bsa": "/OCC/BSADetails/"
            }
        }
    }

}